"dis","freq","icd10","type"
"1型糖尿病",1,"E10.900","Other"
"2型糖尿病",258,"E11.900","Other"
"2型糖尿病伴多并发症",1,"E11.700","Other"
"2型糖尿病性高渗性昏迷",2,"E11.001","Other"
"2型糖尿病性神经炎",1,"E11.403+G63.2*","Other"
"2型糖尿病性视网膜病变",5,"E11.301+H36.0*","Other"
"2型糖尿病性酮症酸中毒",3,"E11.100","Other"
"2型糖尿病性周围神经病",5,"E11.401+G63.2*","Other"
"Ⅰ度房室传导阻滞",5,"I44.000","Other"
"Ⅰ度子宫脱垂",3,"N81.201","Other"
"Ⅱ度子宫脱垂",1,"N81.202","Other"
"Brunner's腺瘤 (十二指肠腺腺瘤)",10,"D13.201","Cancer"
"B细胞淋巴瘤",4,"C85.100","Cancer"
"安装心脏起搏器",1,"Z45.001","Other"
"鞍区肿物",1,"G93.903","Other"
"巴雷特食管",2,"K22.700","Other"
"白斑病",1,"L81.500","Other"
"白癜风",3,"L80.x00","Other"
"白内障",3,"H26.900","Other"
"白细胞减少症",1,"D70.x01","Other"
"白细胞异常",1,"R72.x00","Other"
"白血病",2,"C95.901","Cancer"
"瘢痕子宫",6,"N85.801","Other"
"包裹性脓胸",1,"J86.902","Other"
"包茎",1,"N47.x01","Other"
"背部结缔组织良性肿瘤",1,"D21.601","Cancer"
"贲门恶性肿瘤",430,"C16.000","Cancer"
"贲门溃疡",1,"K22.102","Other"
"贲门良性肿瘤",93,"D13.101","Cancer"
"贲门糜烂",5,"K22.101","Other"
"贲门撕裂症",2,"K22.601","Other"
"贲门胃底恶性肿瘤",44,"C16.801","Cancer"
"贲门胃体恶性肿瘤",7,"C16.802","Cancer"
"贲门炎",1,"K20.x01","Other"
"贲门肿瘤",37,"D37.103","Cancer"
"鼻出血",1,"R04.000","Other"
"鼻恶性肿瘤",2,"C76.004","Cancer"
"鼻骨骨折",1,"S02.200","Other"
"鼻甲肥大",1,"J34.300","Other"
"鼻旁窦肿瘤",3,"D38.504","Cancer"
"鼻前庭良性肿瘤",3,"D14.003","Cancer"
"鼻腔恶性肿瘤",2,"C30.000","Cancer"
"鼻腔良性肿瘤",6,"D14.000","Cancer"
"鼻腔息肉",2,"J33.000","Other"
"鼻腔肿瘤",2,"D38.502","Cancer"
"鼻腔肿物",1,"J34.810","Other"
"鼻咽顶恶性肿瘤",1,"C11.001","Cancer"
"鼻咽恶性肿瘤",4,"C11.900","Cancer"
"鼻炎",1,"J31.001","Other"
"鼻中隔良性肿瘤",3,"D14.004","Cancer"
"鼻中隔偏曲",2,"J34.200","Other"
"鼻中隔弯曲",1,"J34.201","Other"
"扁桃体恶性淋巴瘤",4,"C85.908","Cancer"
"扁桃体良性肿瘤",1,"D10.400","Cancer"
"变应性鼻炎，未特指",1,"J30.4","Other"
"便秘",2,"K59.001","Other"
"髌骨软骨软化",1,"M22.400","Other"
"丙肝病毒携带者",1,"Z22.501","Other"
"丙型病毒性肝炎",1,"B17.101","Other"
"病毒性肝炎",1,"B19.902","Other"
"病毒性肝炎病原携带者",63,"Z22.500","Other"
"病毒性肝炎带菌者",17,"Z22.501","Other"
"病毒性肝炎后遗症",2,"B94.200","Other"
"病理性骨折",1,"M84.400","Other"
"玻璃体混浊",1,"H43.301","Other"
"不完全性肠梗阻",17,"K56.701","Other"
"不完全性右束支传导阻滞",1,"I45.101","Other"
"不稳定性心绞痛",2,"I20.000","Other"
"残胃恶性肿瘤",18,"C16.903","Cancer"
"残胃溃疡",7,"K25.901","Other"
"残胃吻合口炎",3,"K91.802","Other"
"残胃炎",14,"K29.701","Other"
"产程和分娩并发特指脐带缠绕",2,"O69.200","Other"
"肠出血",1,"K92.204","Other"
"肠道感染",3,"A04.901","Other"
"肠道菌群失调",42,"K59.101","Other"
"肠道念珠菌病",1,"B37.802","Other"
"肠道真菌感染",2,"B49.x16","Other"
"肠梗阻",32,"K56.700","Other"
"肠梗阻伴粘连",2,"K56.502","Other"
"肠结核",1,"A18.303+K93.0*","Other"
"陈旧性肺结核",26,"B90.902","Other"
"陈旧性会阴裂伤",3,"N81.801","Other"
"陈旧性肩胛骨骨折",2,"T92.101","Other"
"陈旧性心肌梗死",14,"I25.200","Other"
"陈旧性腰椎骨折",1,"T91.104","Other"
"陈旧性异位妊娠",1,"N94.801","Other"
"陈旧性支气管结核",1,"B90.901","Other"
"成人呼吸窘迫综合征",2,"J80.x00","Other"
"齿龈良性肿瘤",1,"D10.306","Cancer"
"出血性卵巢黄体囊肿",8,"N83.101","Other"
"出血性卵巢滤泡囊肿",1,"N83.001","Other"
"出血性内痔",1,"I84.101","Other"
"创伤后股骨头坏死",1,"M87.203","Other"
"创伤性慢性硬膜下血肿",1,"S06.501","Other"
"创伤性脑梗塞",2,"I63.908","Other"
"垂体功能减退症",1,"E23.000","Other"
"垂体良性肿瘤",10,"D35.200","Cancer"
"垂体肿瘤",6,"D44.301","Cancer"
"唇良性肿瘤",1,"D10.000","Cancer"
"大面积脑梗死",5,"I63.902","Other"
"大脑镰旁脑膜瘤",3,"D32.006","Cancer"
"大腿肌间脓肿",2,"M60.005","Other"
"大网膜继发恶性肿瘤",1,"C78.602","Cancer"
"大细胞(弥漫性)非霍奇金淋巴瘤",1,"C83.300","Cancer"
"大隐静脉曲张",2,"I83.903","Other"
"代谢性酸中毒",10,"E87.201","Other"
"带状疱疹",5,"B02.900","Other"
"单侧传导性耳聋",1,"H90.100","Other"
"单侧卵巢切除术后状态",1,"Z90.704","Other"
"单纯性甲状腺肿",1,"E04.001","Other"
"单纯性慢性贫血",2,"D53.901","Other"
"单纯性肾囊肿",40,"N28.101","Other"
"单角子宫",1,"Q51.400","Other"
"单胎活产",9,"Z37.000","Other"
"胆道恶性肿瘤",3,"C24.900","Cancer"
"胆道感染",9,"K83.019","Other"
"胆管癌",15,"C22.101","Cancer"
"胆管出血",1,"K83.809","Other"
"胆管恶性肿瘤",39,"C24.002","Cancer"
"胆管结石伴胆囊炎",1,"K80.400","Other"
"胆管炎",4,"K83.000","Other"
"胆囊病变",1,"K82.900","Other"
"胆囊穿孔",1,"K82.200","Other"
"胆囊恶性肿瘤",54,"C23.x01","Cancer"
"胆囊梗阻",1,"K82.000","Other"
"胆囊管恶性肿瘤",1,"C24.004","Cancer"
"胆囊继发恶性肿瘤",8,"C78.807","Cancer"
"胆囊结石",52,"K80.200","Other"
"胆囊结石，伴有其他胆囊炎",1,"K80.1","Other"
"胆囊结石，不伴有胆囊炎",2,"K80.2","Other"
"胆囊结石伴胆囊炎",1,"K80.101","Other"
"胆囊结石伴急性胆囊炎",3,"K80.000","Other"
"胆囊结石伴慢性胆囊炎",9,"K80.101","Other"
"胆囊结石伴特指胆囊炎",3,"K80.100","Other"
"胆囊切除术后状态",18,"Z90.408","Other"
"胆囊切除术后综合征",3,"K91.500","Other"
"胆囊息肉",16,"K82.802","Other"
"胆囊炎",11,"K81.900","Other"
"胆囊炎，未特指",1,"K81.9","Other"
"胆囊原位癌",3,"D01.501","Cancer"
"胆囊周围脓肿",1,"K81.004","Other"
"胆总管恶性肿瘤",10,"C24.003","Cancer"
"胆总管结石伴急性胆管炎",2,"K80.304","Other"
"氮质血症",1,"R79.803","Other"
"导管相关性感染",1,"T85.703","Other"
"低T3综合征",1,"E07.804","Other"
"低蛋白性营养不良",2,"E46.x02","Other"
"低蛋白血症",257,"E77.801","Other"
"低钙血症",9,"E83.503","Other"
"低钾血症",55,"E87.600","Other"
"低氯血症",6,"E87.803","Other"
"低钠血症",103,"E87.100","Other"
"低色素性小红细胞性贫血",1,"D50.801","Other"
"低张性低血氧症",1,"R09.001","Other"
"滴虫性阴道炎",2,"A59.002+N77.101*","Other"
"骶骨恶性肿瘤",2,"C41.403","Cancer"
"骶骨淋巴结继发恶性肿瘤",2,"C77.502","Cancer"
"骶骨肿瘤",3,"D48.017","Cancer"
"骶尾结缔组织良性肿瘤",4,"D21.503","Cancer"
"骶尾区良性肿瘤",1,"D36.710","Cancer"
"第四脑室良性肿瘤",2,"D33.105","Cancer"
"癫痫",8,"G40.901","Other"
"癫痫，未特指",1,"G40.9","Other"
"癫痫持续状态",1,"G41.900","Other"
"电解质、热量和水平衡剂中毒",1,"T50.300","Other"
"电解质代谢紊乱",45,"E87.801","Other"
"电解质紊乱",19,"E87.802","Other"
"耵聍栓塞",1,"H61.200","Other"
"顶叶脑膜瘤",1,"D32.005","Cancer"
"动静脉血管瘤",1,"D18.010","Cancer"
"动脉硬化",1,"I70.903","Other"
"动脉硬化性痴呆",1,"F01.901","Other"
"动脉硬化性脑病",15,"I67.201","Other"
"动脉硬化性脑软化",1,"I63.802","Other"
"动脉硬化性心脏病",4,"I25.100","Other"
"动脉粥样硬化",1,"I70.904","Other"
"窦性心动过缓",3,"R00.101","Other"
"窦性心动过速",2,"I47.102","Other"
"短暂性脑缺血发作",1,"G45.900","Other"
"对症治疗",4,"Z51.901","Other"
"多发性肝囊肿",3,"K76.806","Other"
"多发性骨髓瘤",72,"C90.000","Cancer"
"多发性结肠息肉",27,"K63.504","Other"
"多发性脑梗死",2,"I63.905","Other"
"多个部位淋巴结继发性恶性肿瘤",9,"C77.800","Cancer"
"多囊肝",1,"Q44.601","Other"
"多囊卵巢综合征",4,"E28.200","Other"
"多囊肾",3,"Q61.300","Other"
"多器官功能障碍综合征(MODS)",2,"R65.301","Other"
"多形细胞性脂肪肉瘤",5,"D17.-","Cancer"
"额窦恶性肿瘤",1,"C31.200","Cancer"
"额叶脑膜瘤",3,"D32.004","Cancer"
"恶病质",9,"R64.x00","Other"
"恶性腹水",44,"C78.604","Cancer"
"恶性贫血",11,"D51.001","Other"
"恶性胸腔积液",127,"C78.201","Cancer"
"恶性肿瘤个人史",1,"Z85.900","Other"
"恶性肿瘤化学治疗后随诊检查",3,"Z08.200","Other"
"恶性肿瘤术后放射治疗",5,"Z51.001","Other"
"二尖瓣疾病",1,"I05.900","Other"
"发热，未特指",1,"R50.9","Other"
"法特壶腹恶性肿瘤",5,"C24.100","Cancer"
"反流性食管炎",24,"K21.001","Other"
"房间隔缺损",2,"Q21.100","Other"
"房性期外收缩(房性早搏)",1,"I49.101","Other"
"房性早搏",4,"I49.100","Other"
"放疗后恢复期",7,"Z54.100","Other"
"放射性肠炎",1,"K52.001","Other"
"放射性肺炎",6,"J70.001","Other"
"放射性膀胱炎",2,"N30.400","Other"
"放射性食管炎",3,"K20.x02T66","Other"
"放射性损伤",1,"T66.x01","Other"
"放射性直肠炎",3,"K62.7","Other"
"放射学操作和放射治疗作为病人异常反应或以",1,"Y84.200","Other"
"放射治疗疗程",3,"Z51.000","Other"
"非何杰金氏淋巴瘤",3,"C85.907","Cancer"
"非霍奇金淋巴瘤",43,"C85.900","Cancer"
"非霍奇金淋巴瘤，未特指类型",5,"C85.9","Cancer"
"非霍奇金淋巴瘤的其他特指类型",3,"C85.7","Cancer"
"非胰岛素依赖型糖尿病",29,"E11.902","Other"
"非阵发性交界性心动过速",1,"I47.107","Other"
"肥大性咽炎",1,"J31.203","Other"
"肺不典型增生",3,"J98.402","Other"
"肺不张",10,"J98.101","Other"
"肺部感染",164,"J98.402","Other"
"肺大泡",11,"J43.901","Other"
"肺大泡破裂",2,"J43.902","Other"
"肺动脉高压",1,"I27.001","Other"
"肺动脉高压中度",2,"I27.002","Other"
"肺恶性肿瘤",971,"C34.901","Cancer"
"肺恶性肿瘤个人史",13,"Z85.101","Other"
"肺钙化",1,"J98.411","Other"
"肺隔离症",1,"Q33.201","Other"
"肺继发恶性肿瘤",720,"C78.000","Cancer"
"肺继发性恶性肿瘤",68,"C78.0","Cancer"
"肺间质纤维化(炎症后)",4,"J84.101","Other"
"肺结核",6,"A16.202","Other"
"肺结核，痰镜检（+）",1,"A15.000","Other"
"肺结核，痰培养（+）",1,"A15.100","Other"
"肺结核瘤，痰培养（+）",1,"A15.101","Other"
"肺结节病",9,"D86.000","Other"
"肺良性肿瘤",6,"D14.300","Cancer"
"肺门恶性肿瘤",26,"C34.001","Cancer"
"肺门淋巴结继发恶性肿瘤",60,"C77.102","Cancer"
"肺弥漫性间质病变",1,"J84.803","Other"
"肺气肿",14,"J43.900","Other"
"肺气肿，未特指",1,"J43.9","Other"
"肺上叶恶性肿瘤",16,"C34.101","Cancer"
"肺栓塞",3,"I26.901","Other"
"肺水肿",2,"J81.x03","Other"
"肺下叶恶性肿瘤",9,"C34.301","Cancer"
"肺纤维化",3,"J84.101","Other"
"肺血栓形成",2,"I26.902","Other"
"肺炎",47,"J18.901","Other"
"肺炎，未特指",5,"J18.9","Other"
"肺炎克雷伯杆菌感染",1,"A49.815","Other"
"肺炎链球菌感染",1,"B95.300","Other"
"肺原位癌",63,"D02.200","Cancer"
"肺源性心脏病",1,"I27.901","Other"
"肺占位性病变",8,"R91.x03","Other"
"肺中上叶恶性肿瘤",13,"C34.801","Cancer"
"肺中叶恶性肿瘤",4,"C34.201","Cancer"
"肺肿瘤",8,"D38.101","Cancer"
"分泌粘液性癌",1,"M848103/3","Other"
"分娩伴会阴裂伤Ⅰ度",1,"O70.001","Other"
"分娩时Ⅰ度会阴裂伤",1,"O70.000","Other"
"风湿性二尖瓣狭窄伴关闭不全",1,"I05.200","Other"
"风湿性关节炎",4,"I00.x01","Other"
"风湿性心脏病",8,"I09.900","Other"
"风湿性心脏病，未特指",1,"I09.9","Other"
"附带妊娠状态",1,"Z33.x00","Other"
"附睾炎",2,"N45.901","Other"
"附件继发恶性肿瘤",1,"C79.813","Cancer"
"复合性溃疡",4,"K27.900","Other"
"副脾",2,"Q89.002","Other"
"腹壁继发性恶性肿瘤",3,"C79.201","Cancer"
"腹壁切口疝",1,"K43.901","Other"
"腹壁软组织感染",2,"L08.907","Other"
"腹壁肿物",1,"R22.203","Other"
"腹部恶性肿瘤",8,"C76.200","Cancer"
"腹部肿物",1,"R19.001","Other"
"腹股沟恶性肿瘤",5,"C76.304","Cancer"
"腹股沟和下肢淋巴结继发性和未特指恶性肿瘤",2,"C77.4","Cancer"
"腹股沟结缔组织恶性肿瘤",4,"C49.502","Cancer"
"腹股沟淋巴结继发恶性肿瘤",63,"C77.400","Cancer"
"腹股沟疝",2,"K40.900","Other"
"腹股沟斜疝",1,"K40.901","Other"
"腹膜壁层恶性肿瘤",7,"C48.105","Cancer"
"腹膜恶性肿瘤",3,"C48.200","Cancer"
"腹膜恶性肿瘤，未特指",1,"C48.2","Cancer"
"腹膜后和腹膜继发性恶性肿瘤",7,"C78.6","Cancer"
"腹膜后继发恶性肿瘤",8,"C78.601","Cancer"
"腹膜后良性肿瘤",2,"D20.000","Cancer"
"腹膜后淋巴结继发恶性肿瘤",60,"C77.205","Cancer"
"腹膜后淋巴结肿大",1,"R59.005","Other"
"腹膜继发恶性肿瘤",68,"C78.600","Cancer"
"腹膜腔恶性肿瘤",1,"C48.201","Cancer"
"腹膜炎",1,"K65.900","Other"
"腹膜脂肪瘤",1,"D17.701","Cancer"
"腹腔感染",2,"K65.903","Other"
"腹腔积血",2,"K66.100","Other"
"腹腔继发恶性肿瘤",90,"C79.809","Cancer"
"腹腔继发性恶性肿瘤",20,"C79.802","Cancer"
"腹腔淋巴结继发恶性肿瘤",274,"C77.200","Cancer"
"腹腔淋巴结肿大",3,"R59.011","Other"
"腹腔肿瘤",5,"D48.714","Cancer"
"腹水",61,"R18.x00","Other"
"腹水异常",1,"R85.902","Other"
"腹主动脉动脉瘤，未提及破裂",1,"I71.4","Other"
"肝癌破裂出血",1,"K76.814","Other"
"肝的其他特指疾病",1,"K76.8","Other"
"肝动脉栓塞",1,"I74.803","Other"
"肝恶性细胞瘤",10,"C22.001","Cancer"
"肝恶性肿瘤",300,"C22.900","Cancer"
"肝恶性肿瘤，未特指",4,"C22.9","Cancer"
"肝功能检查的异常结果",2,"R94.5","Other"
"肝功能衰竭",1,"K72.901","Other"
"肝功能异常",6,"R94.500","Other"
"肝管恶性肿瘤",4,"C24.001","Cancer"
"肝继发恶性肿瘤",731,"C78.701","Cancer"
"肝继发性恶性肿瘤",80,"C78.7","Cancer"
"肝静脉梗阻症",1,"K76.500","Other"
"肝淋巴结继发恶性肿瘤",14,"C77.203","Cancer"
"肝门淋巴结继发恶性肿瘤",3,"C77.205","Cancer"
"肝母细胞瘤",1,"C22.200","Cancer"
"肝囊肿",68,"K76.807","Other"
"肝内胆管癌",5,"C22.100","Cancer"
"肝脓肿",1,"K75.000","Other"
"肝衰竭",2,"K72.900","Other"
"肝萎缩",2,"K72.902","Other"
"肝细胞癌",53,"C22.000","Cancer"
"肝性脑病",1,"K72.904","Other"
"肝血管瘤",15,"D18.016","Cancer"
"肝血管瘤病",13,"K76.401","Other"
"肝血肿",1,"K76.811","Other"
"肝炎",1,"K75.901","Other"
"肝炎后肝硬变",6,"K74.601","Other"
"肝炎后肝硬化",12,"K74.608","Other"
"肝硬化",29,"K74.600","Other"
"肝硬化伴食管静脉曲张",1,"K74.616+I98.2*","Other"
"肝硬化伴食管胃底静脉曲张",2,"K74.619+I98.2*","Other"
"肝硬化伴食管胃底静脉曲张破裂出血",2,"K74.617+I98.3*","Other"
"肝硬化伴胃底静脉曲张",2,"K74.620+I98.2*","Other"
"肝硬化失代偿期",14,"K74.607","Other"
"肝硬化所致的精神障碍",1,"F06.908K74.601","Other"
"肝原位癌",15,"D01.500","Cancer"
"肝脏结节",8,"K76.804","Other"
"肝占位性病变",7,"R93.203","Other"
"肝肿瘤",9,"D37.601","Cancer"
"感觉神经上皮瘤",1,"C30.002","Cancer"
"感染性发热",1,"B99.x01","Other"
"感染性休克",1,"R65.201","Other"
"肛管恶性肿瘤",1,"C21.100","Cancer"
"肛瘘",3,"K60.300","Other"
"肛门周围感染",1,"K62.815","Other"
"肛周脓肿",2,"K61.001","Other"
"高胆固醇血症",8,"E78.001","Other"
"高胆红素血症",1,"E80.604","Other"
"高胆红素血症,非新生儿",2,"E80.603","Other"
"高蛋白血症",1,"E88.001","Other"
"高度近视",1,"H44.202","Other"
"高钙血症",4,"E83.502","Other"
"高甘油三酯血症",3,"E78.100","Other"
"高甘油脂血症",1,"E78.101","Other"
"高功能腺瘤伴甲状腺功能亢进症",1,"E05.203","Other"
"高钾血症",6,"E87.500","Other"
"高氯血症",1,"E87.802","Other"
"高钠血症",1,"E87.000","Other"
"高尿酸血症",7,"E79.000","Other"
"高同型半胱氨酸血症",8,"E72.101","Other"
"高血压",119,"I10.x02","Other"
"高血压Ⅱ",23,"I10.x04","Other"
"高血压Ⅱ期",81,"I10.x04","Other"
"高血压Ⅲ",12,"I10.x05","Other"
"高血压Ⅲ期",58,"I10.x05","Other"
"高血压I",36,"I10.x03","Other"
"高血压I期",255,"I10.x03","Other"
"高血压病",485,"I10.x00","Other"
"高血压性心脏病及肾脏病",1,"I13.900","Other"
"高眼压症",1,"H40.001","Other"
"高粘血症",1,"R70.102","Other"
"高脂血症",107,"E78.500","Other"
"高脂血症，未特指",4,"E78.5","Other"
"睾丸切除术后状态",2,"Z90.709","Other"
"咯血",1,"R04.201","Other"
"膈疝",1,"K44.900","Other"
"膈下积液",3,"R18.x01","Other"
"梗阻性黄疸",37,"K83.109","Other"
"梗阻性黄疸(胆囊)",11,"K82.002","Other"
"梗阻性休克",1,"R57.801","Other"
"更换胃造瘘导管",3,"Z43.101","Other"
"更年期忧郁症",1,"F32.801","Other"
"功能(障碍)性子宫出血",1,"N93.801","Other"
"功能性腹痛综合征",1,"F45.403","Other"
"功能障碍性子宫出血",9,"N93.801","Other"
"肱骨骨折",2,"S42.301","Other"
"肱骨良性肿瘤",2,"D16.002","Cancer"
"宫颈恶性肿瘤",224,"C53.900","Cancer"
"宫颈恶性肿瘤，未特指",12,"C53.9","Cancer"
"宫颈恶性肿瘤个人史",5,"Z85.403","Other"
"宫颈非炎性疾病",1,"N88.900","Other"
"宫颈肥大",1,"N88.802","Other"
"宫颈积脓",2,"N72.x03","Other"
"宫颈良性肿瘤",6,"D26.000","Cancer"
"宫颈囊肿",1,"N88.803","Other"
"宫颈内膜恶性肿瘤",1,"C53.000","Cancer"
"宫颈内膜炎",1,"N72.x02","Other"
"宫颈内膜原位癌",3,"D06.000","Cancer"
"宫颈平滑肌瘤",12,"D25.901","Cancer"
"宫颈切除术后状态",2,"Z90.703","Other"
"宫颈上皮内肿瘤",3,"N87.901","Other"
"宫颈上皮内肿瘤Ⅱ级",4,"N87.101","Other"
"宫颈上皮内肿瘤I级",6,"N87.001","Other"
"宫颈外膜炎",33,"N72.x01","Other"
"宫颈息肉",22,"N84.100","Other"
"宫颈腺囊肿",1,"N88.806","Other"
"宫颈炎性疾病",530,"N72.x00","Other"
"宫颈原位癌",24,"D06.900","Cancer"
"股骨恶性肿瘤",4,"C40.201","Cancer"
"股骨骨折后遗症",1,"T93.100","Other"
"骨恶性肿瘤",13,"C41.900","Cancer"
"骨关节病",1,"M19.991","Other"
"骨和骨髓继发性恶性肿瘤",2,"C79.5","Cancer"
"骨和关节软骨交搭跨越恶性肿瘤",1,"C41.800","Cancer"
"骨化性纤维瘤",1,"D16.-","Cancer"
"骨继发恶性肿瘤",559,"C79.500","Cancer"
"骨结核病",1,"M90.0*","Other"
"骨盆入口狭窄致梗阻性分娩",1,"O65.200","Other"
"骨髓继发恶性肿瘤",24,"C79.501","Cancer"
"骨髓瘤病",19,"C90.001","Cancer"
"骨髓瘤肾病",7,"C90.003+N16.101*","Cancer"
"骨髓抑制",16,"D61.901","Other"
"骨髓抑制性贫血",7,"D61.901","Other"
"骨髓增生异常综合征",11,"D46.900","Cancer"
"骨髓增生异常综合症，未特指",3,"D46.9","Cancer"
"骨质破坏",1,"M89.892","Other"
"骨质疏松",1,"M81.901","Other"
"骨肿瘤",3,"D48.001","Cancer"
"鼓膜炎",1,"H73.802","Other"
"冠心病",9,"I25.101","Other"
"冠状动脉搭桥术后状态",2,"Z95.101","Other"
"冠状动脉介入治疗术后心肌梗塞",1,"I21.303","Other"
"冠状动脉狭窄",2,"I25.101","Other"
"冠状动脉性心脏病",3,"I25.901","Other"
"冠状动脉支架植入后状态",1,"Z95.501","Other"
"冠状动脉粥样硬化",14,"I25.102","Other"
"冠状动脉粥样硬化性心脏病",94,"I25.103","Other"
"龟头包皮炎",1,"N48.100","Other"
"掴窝良性肿瘤",1,"D36.712","Cancer"
"过敏性鼻炎伴哮喘",1,"J45.004","Other"
"过敏性皮炎",3,"L23.901","Other"
"海绵状血管瘤",1,"D18.019","Cancer"
"汗腺囊瘤",1,"D23.-","Cancer"
"颌下淋巴结继发恶性肿瘤",7,"C77.004","Cancer"
"颌下腺继发恶性肿瘤",1,"C79.830","Cancer"
"颌下腺肿物",1,"K11.903","Other"
"黑色素瘤",1,"C43.901","Cancer"
"横结肠恶性肿瘤",15,"C18.400","Cancer"
"喉恶性肿瘤",23,"C32.901","Cancer"
"喉良性肿瘤",1,"D14.100","Cancer"
"喉原位癌",1,"D02.000","Cancer"
"后天性肾囊肿",14,"N28.100","Other"
"后天性生殖器官缺失",1,"Z90.700","Other"
"后天性食管憩室",3,"K22.500","Other"
"后天性外耳道狭窄",1,"H61.301","Other"
"后天性小肠畸形",1,"K63.808","Other"
"后循环缺血",2,"G45.004","Other"
"呼吸困难",1,"R06.001","Other"
"呼吸衰竭",59,"J96.900","Other"
"呼吸衰竭，未特指",7,"J96.9","Other"
"呼吸性碱中毒",2,"E87.303","Other"
"壶腹部交界恶性肿瘤",4,"D37.602","Cancer"
"壶腹部肿瘤",1,"D37.607","Cancer"
"化疗后骨髓抑制",27,"D61.101","Other"
"化脓性胆管炎",6,"K83.011","Other"
"化脓性腹膜炎",1,"K65.005","Other"
"化脓性脑膜炎",1,"G00.901","Other"
"黄斑变性",1,"H35.301","Other"
"黄疸",9,"R17.x00","Other"
"黄色瘤",7,"E75.501","Other"
"黄体囊肿",1,"N83.100","Other"
"回肠继发恶性肿瘤",2,"C78.403","Cancer"
"回肠溃疡",3,"K63.301","Other"
"回肠良性肿瘤",3,"D13.303","Cancer"
"回肠憩室",1,"K57.105","Other"
"回盲部恶性肿瘤",28,"C18.001","Cancer"
"会厌恶性肿瘤",7,"C32.101","Cancer"
"会厌囊肿",2,"J38.715","Other"
"混合型颈椎病",2,"M47.802","Other"
"混合性贫血",53,"D64.802","Other"
"混合痔",2,"I84.201","Other"
"获得性肾囊肿",2,"N28.102","Other"
"霍奇金[何杰金]病，未特指",1,"C81.9","Cancer"
"肌筋膜炎",1,"M60.902","Other"
"基底节出血",3,"I61.004","Other"
"基底节脑梗死",2,"I63.906","Other"
"急性白血病",20,"C95.000","Cancer"
"急性鼻窦炎",1,"J01.900","Other"
"急性扁桃体炎",1,"J03.903","Other"
"急性不完全性截瘫",1,"G82.203","Other"
"急性肠炎",5,"K52.904","Other"
"急性单核细胞性白血病 M5型",2,"C93.001","Cancer"
"急性胆管炎",4,"K83.001","Other"
"急性胆囊炎",2,"K81.000","Other"
"急性分泌性中耳炎",1,"H65.000","Other"
"急性腹膜炎",1,"K65.006","Other"
"急性肝功能衰竭",12,"K72.003","Other"
"急性肝衰竭",1,"K72.000","Other"
"急性根尖周炎",2,"K04.401","Other"
"急性骨髓纤维化",9,"C94.500","Cancer"
"急性冠周炎",3,"K05.204","Other"
"急性颌下淋巴结炎",1,"L04.003","Other"
"急性呼吸衰竭",1,"J96.000","Other"
"急性化脓性扁桃体炎",3,"J03.901","Other"
"急性化脓性胆管炎",2,"K83.002","Other"
"急性结膜炎",1,"H10.300","Other"
"急性阑尾炎",1,"K35.902","Other"
"急性粒细胞缺乏症",8,"D70.x01","Other"
"急性淋巴细胞白血病",16,"C91.000","Cancer"
"急性淋巴细胞性白血病",1,"C91.001","Cancer"
"急性弥漫性腹膜炎",3,"K65.003","Other"
"急性糜烂性胃炎",2,"K29.101","Other"
"急性女性盆腔炎",1,"N73.003","Other"
"急性气管支气管炎",1,"J20.902","Other"
"急性前列腺炎",1,"N41.000","Other"
"急性上呼吸道感染",23,"J06.900","Other"
"急性上消化道出血",13,"K92.207","Other"
"急性肾功能衰竭",1,"N17.901","Other"
"急性肾衰竭",1,"N17.900","Other"
"急性肾盂肾炎",1,"N10.x02","Other"
"急性失血性贫血",31,"D62.x00","Other"
"急性十二指肠溃疡",1,"K26.300","Other"
"急性输卵管炎",2,"N70.001","Other"
"急性髓系白血病",74,"C92.000","Cancer"
"急性髓样白血病",8,"C92.0","Cancer"
"急性透壁广泛前壁心肌梗塞",1,"I21.007","Other"
"急性胃肠炎",5,"K52.905","Other"
"急性胃炎",1,"K29.101","Other"
"急性牙髓源性根尖牙周炎",3,"K04.400","Other"
"急性牙周炎",2,"K05.200","Other"
"急性咽喉炎",4,"J06.000","Other"
"急性咽炎",10,"J02.900","Other"
"急性阴道炎",7,"N76.000","Other"
"急性早幼粒细胞白血病",4,"C92.4","Cancer"
"急性早幼粒细胞性白血病",26,"C92.400","Cancer"
"急性支气管炎",4,"J20.900","Other"
"急性子宫旁组织炎和盆腔蜂窝织炎",1,"N73.000","Other"
"急性子宫炎",3,"N71.002","Other"
"脊膜肿瘤",1,"D42.101","Cancer"
"脊髓继发恶性肿瘤",1,"C79.403","Cancer"
"脊髓空洞症",1,"G95.000","Other"
"脊髓圆锥恶性肿瘤",2,"C72.002","Cancer"
"脊髓圆锥良性肿瘤",1,"D33.405","Cancer"
"脊柱侧弯",2,"M41.900","Other"
"脊柱动态未定肿瘤",2,"D48.012","Cancer"
"脊柱结核",1,"A18.009+M49.0*","Other"
"脊柱良性肿瘤",1,"D16.601","Cancer"
"脊柱特指先天性畸形",1,"Q76.400","Other"
"脊柱压缩性骨折",1,"M48.305","Other"
"继发性癫痫",2,"G40.501","Other"
"继发性贫血",6,"D64.904","Other"
"继发性血小板减少",13,"D69.500","Other"
"继发性血小板减少症",1,"D69.502","Other"
"继发性血小板增多症",2,"D75.805","Other"
"继发于(慢性)失血的缺铁性贫血",31,"D50.000","Other"
"颊粘膜恶性肿瘤",1,"C06.000","Cancer"
"甲沟炎",1,"L03.003","Other"
"甲状旁腺功能减退症",1,"E20.900","Other"
"甲状旁腺功能亢进症",2,"E21.300","Other"
"甲状旁腺良性肿瘤",1,"D35.100","Cancer"
"甲状腺毒症",4,"E05.901","Other"
"甲状腺毒症[甲状腺功能亢进症]",3,"E05","Other"
"甲状腺毒症伴有弥漫性甲状腺肿",1,"E05.000","Other"
"甲状腺恶性肿瘤",9,"C73.x00","Cancer"
"甲状腺恶性肿瘤个人史",1,"Z85.804","Other"
"甲状腺功能减退症，未特指",2,"E03.9","Other"
"甲状腺功能亢进危象",2,"E05.501","Other"
"甲状腺功能异常",3,"R94.600","Other"
"甲状腺机能减退",1,"E03.901","Other"
"甲状腺机能减退症",1,"E03.900","Other"
"甲状腺机能亢进",5,"E05.901","Other"
"甲状腺机能亢进所致的精神障碍",1,"F06.913E05.901","Other"
"甲状腺机能亢进症",4,"E05.900","Other"
"甲状腺疾患",1,"E07.900","Other"
"甲状腺结节",5,"E04.101","Other"
"甲状腺良性肿瘤",33,"D34.x00","Cancer"
"甲状腺炎",1,"E06.900","Other"
"甲状腺原位癌",1,"D09.301","Other"
"甲状腺肿",1,"E04.900","Other"
"甲状腺肿瘤",13,"D44.001","Cancer"
"间质性肺病",4,"J84.900","Other"
"间质性肺炎",2,"J84.901","Other"
"间质性纤维化性肺泡炎",1,"J84.105","Other"
"肩关节周围炎",1,"M75.011","Other"
"浆细胞白血病",1,"C90.100","Cancer"
"浆细胞瘤",7,"C90.201","Cancer"
"浆液性囊腺瘤",2,"D27.x09","Cancer"
"降结肠恶性肿瘤",9,"C18.600","Cancer"
"降结肠肿瘤",4,"D37.407","Cancer"
"降主动脉夹层",1,"I71.002","Other"
"角膜云翳",1,"H17.802","Other"
"结肠恶性肿瘤",118,"C18.902","Cancer"
"结肠恶性肿瘤，未特指",5,"C18.9","Cancer"
"结肠恶性肿瘤个人史",6,"Z85.006","Other"
"结肠肝曲恶性肿瘤",11,"C18.300","Cancer"
"结肠黑变病",1,"K63.812","Other"
"结肠继发恶性肿瘤",21,"C78.504","Cancer"
"结肠溃疡",4,"K63.305","Other"
"结肠良性肿瘤",47,"D12.600","Cancer"
"结肠瘘",1,"K63.204","Other"
"结肠憩室",4,"K57.303","Other"
"结肠息肉",46,"K63.500","Other"
"结肠腺瘤样息肉病",13,"D12.603","Cancer"
"结肠炎",6,"K52.909","Other"
"结肠原位癌",31,"D01.000","Cancer"
"结肠造口状态",1,"Z93.3","Other"
"结肠肿瘤",3,"D37.401","Cancer"
"结肠肿物",1,"K63.901","Other"
"结核性腹膜炎",2,"A18.314+K67.3*","Other"
"结核性腹腔积液",21,"A18.309","Other"
"结核性胸腔积液",1,"A16.502","Other"
"结节性甲状腺肿",7,"E04.902","Other"
"结节性硬化型何杰金氏病",1,"C81.101","Cancer"
"结节硬化型霍奇金淋巴瘤",1,"C81.100","Cancer"
"结膜良性肿瘤",3,"D31.000","Cancer"
"结膜炎",1,"H10.900","Other"
"结膜肿物",1,"H11.901","Other"
"截瘫",5,"G82.200","Other"
"精神分裂症",3,"F20.900","Other"
"颈部恶性黑色素瘤",1,"C43.401","Cancer"
"颈部脊髓损伤",1,"S14.101","Other"
"颈部继发性恶性肿瘤",16,"C79.834","Cancer"
"颈部良性肿瘤",1,"D36.703","Cancer"
"颈部淋巴结继发恶性肿瘤",226,"C77.002","Cancer"
"颈部食管恶性肿瘤",3,"C15.000","Cancer"
"颈部血管瘤",2,"D18.004","Cancer"
"颈部脂肪瘤",1,"D17.002","Cancer"
"颈动脉闭塞和狭窄",2,"I65.200","Other"
"颈动脉动脉硬化",2,"I65.201","Other"
"颈动脉硬化",13,"I70.806","Other"
"颈淋巴结结核",2,"A18.205","Other"
"颈内静脉血栓形成",3,"I82.801","Other"
"颈椎恶性肿瘤",10,"C41.201","Cancer"
"颈椎骨质增生",1,"M50.302","Other"
"颈椎关节强硬",2,"M47.821","Other"
"颈椎间盘变性",1,"M50.301","Other"
"颈椎间盘疾患，未特指",1,"M50.9","Other"
"颈椎间盘突出",2,"M50.201","Other"
"颈椎退行性病变",8,"M48.901","Other"
"颈总动脉裂伤",2,"S15.002","Other"
"静脉功能不全",1,"I87.200","Other"
"静脉受压",1,"I87.100","Other"
"静脉栓塞和血栓形成",1,"I82.900","Other"
"静脉性血管瘤",1,"D18.026","Cancer"
"静脉血栓形成",1,"I82.902","Other"
"酒精性肝纤维化和肝硬化",2,"K70.200","Other"
"酒精性肝炎",1,"K70.100","Other"
"酒精性脂肪肝",1,"K70.000","Other"
"具有冠状血管成形术植入物和移植物",1,"Z95.500","Other"
"具有心脏起搏器",1,"Z95.000","Other"
"菌血症",4,"A49.901","Other"
"抗利尿激素不适当分泌综合征",3,"E22.200","Other"
"空肠继发恶性肿瘤",4,"C78.402","Cancer"
"孔源性视网膜脱离",1,"H33.001","Other"
"口底恶性肿瘤",3,"C04.900","Cancer"
"口腔感染",1,"K12.111","Other"
"口腔良性肿瘤",1,"D10.300","Cancer"
"口腔淋巴上皮囊肿",2,"K09.809","Other"
"口腔原位癌",3,"D00.003","Cancer"
"口腔粘膜溃疡",1,"K12.105","Other"
"口咽恶性肿瘤",2,"C10.900","Cancer"
"口咽其他部位良性肿瘤",2,"D10.5","Cancer"
"溃疡性结肠炎",1,"K51.902","Other"
"扩张型心肌病",6,"I42.000","Other"
"阔韧带良性肿瘤",5,"D28.201","Cancer"
"阔韧带囊肿",2,"N83.801","Other"
"阑尾的其他特指疾病",1,"K38.8","Other"
"阑尾继发恶性肿瘤",4,"C78.503","Cancer"
"阑尾炎",3,"K37.x00","Other"
"阑尾粘液囊肿",1,"K38.801","Other"
"阑尾周围脓肿",1,"K35.103","Other"
"老年瘙痒症",1,"L29.802","Other"
"老年性白内障",4,"H25.900","Other"
"老年性初期白内障",1,"H25.000","Other"
"老年性肺气肿",6,"J43.903","Other"
"老年性骨质疏松",2,"M81.800","Other"
"老年性脑萎缩",1,"G31.102","Other"
"老年性心脏瓣膜病",3,"I38.x02","Other"
"老年性阴道炎",11,"N95.201","Other"
"肋骨恶性肿瘤",3,"C41.302","Cancer"
"肋骨骨折",1,"S22.300","Other"
"肋骨肿瘤",2,"D48.011","Cancer"
"泪腺恶性肿瘤",3,"C69.501","Cancer"
"泪腺良性肿瘤",1,"D31.501","Cancer"
"类白血病反应",5,"D72.807","Other"
"类风湿性关节炎",10,"M06.900","Other"
"类风湿性关节炎，未特指",2,"M06.9","Other"
"类固醇性糖尿病",1,"E13.903","Other"
"粒细胞缺乏",38,"D70.x00","Other"
"链球菌性肺炎",3,"J15.401","Other"
"淋巴管继发恶性肿瘤",2,"C79.826","Cancer"
"淋巴管瘤",1,"D18.100","Cancer"
"淋巴管瘘",1,"I89.802","Other"
"淋巴管炎",4,"I89.100","Other"
"淋巴浆细胞型恶性淋巴瘤",3,"C83.801","Cancer"
"淋巴结继发恶性肿瘤",56,"C77.901","Cancer"
"淋巴结继发性和未特指恶性肿瘤，未特指",6,"C77.9","Cancer"
"淋巴结结节病",1,"D86.1","Other"
"淋巴结炎",2,"I88.900","Other"
"淋巴结肿大",2,"R59.901","Other"
"淋巴肉瘤",5,"C85.000","Cancer"
"淋巴组织增生性病",1,"D47.900","Cancer"
"淋球菌性阴道炎",1,"A54.004","Other"
"流产",4,"O06.900","Other"
"颅内占位性病变",2,"R90.000","Other"
"颅咽管瘤",3,"D44.402","Cancer"
"颅咽管肿瘤",2,"D44.401","Cancer"
"卵巢白体囊肿",2,"N83.202","Other"
"卵巢包涵囊肿",11,"N83.203","Other"
"卵巢出血",2,"N83.803","Other"
"卵巢恶性淋巴瘤",4,"C85.916","Cancer"
"卵巢恶性肿瘤",138,"C56.x00","Cancer"
"卵巢黄素化囊肿",1,"N83.102","Other"
"卵巢黄体囊肿",35,"N83.103","Other"
"卵巢黄体血肿",5,"N83.103","Other"
"卵巢畸胎瘤",14,"D27.x03","Cancer"
"卵巢继发恶性肿瘤",14,"C79.600","Cancer"
"卵巢继发性恶性肿瘤",3,"C79.6","Cancer"
"卵巢浆液性囊肿",34,"N83.204","Other"
"卵巢交界恶性浆液性囊腺瘤",3,"C56.x03","Cancer"
"卵巢良性肿瘤",198,"D27.x00","Cancer"
"卵巢滤泡囊肿",62,"N83.000","Other"
"卵巢囊肿",175,"N83.201","Other"
"卵巢破裂",1,"N83.805","Other"
"卵巢巧克力样囊肿",3,"N80.101","Other"
"卵巢原位癌",2,"D07.301","Cancer"
"卵巢粘液性囊肿",3,"N83.205","Other"
"卵巢肿瘤",3,"D39.101","Other"
"卵巢肿物",1,"N83.901","Other"
"卵巢子宫内膜异位",1,"N80.102","Other"
"卵巢子宫内膜异位囊肿",7,"N80.100","Other"
"绿脓杆菌败血症",1,"A41.502","Other"
"滤泡性非霍奇金淋巴瘤",2,"C82.900","Cancer"
"滤泡性淋巴瘤",3,"C82.902","Cancer"
"麻痹性肠梗阻",1,"K56.000","Other"
"脉络膜恶性肿瘤",1,"C69.300","Cancer"
"慢性白血病",1,"C95.100","Cancer"
"慢性鼻窦炎",6,"J32.900","Other"
"慢性鼻炎",2,"J31.000","Other"
"慢性扁桃体炎",1,"J35.001","Other"
"慢性丙型病毒性肝炎",4,"B18.200","Other"
"慢性肠炎",2,"K52.907","Other"
"慢性喘息性支气管炎",1,"J44.802","Other"
"慢性单纯性支气管炎",1,"J41.000","Other"
"慢性胆囊炎",4,"K81.100","Other"
"慢性多鼻窦炎",1,"J32.803","Other"
"慢性肺源性心脏病",10,"I27.900","Other"
"慢性肝功能衰竭",3,"K72.100","Other"
"慢性骨髓增殖性疾病",2,"D47.104","Cancer"
"慢性冠状动脉供血不足",2,"I25.801","Other"
"慢性化脓性中耳炎",2,"H66.301","Other"
"慢性阑尾炎",1,"K36.x02","Other"
"慢性粒细胞性白血病",5,"C92.101","Cancer"
"慢性粒细胞性白血病，急淋变",1,"C91.004","Cancer"
"慢性淋巴细胞白血病",17,"C91.100","Cancer"
"慢性淋巴细胞性白血病",6,"C91.101","Cancer"
"慢性卵巢炎",6,"N70.102","Other"
"慢性女性盆腔炎",3,"N73.101","Other"
"慢性盆腔蜂窝织炎",1,"N73.102","Other"
"慢性气肿性支气管炎",2,"J44.803","Other"
"慢性迁延型乙型病毒性肝炎",1,"B18.103","Other"
"慢性浅表性胃炎",67,"K29.300","Other"
"慢性腮腺炎",1,"K11.204","Other"
"慢性筛窦炎",1,"J32.200","Other"
"慢性上颌窦炎",3,"J32.000","Other"
"慢性肾功能不全",1,"N18.905","Other"
"慢性肾功能衰竭",2,"N18.902","Other"
"慢性肾衰竭",2,"N18.900","Other"
"慢性肾炎综合征，弥漫性膜性肾小球肾炎 ",1,"N03.200","Other"
"慢性失血性贫血",219,"D50.001","Other"
"慢性十二指肠球部溃疡",7,"K26.700","Other"
"慢性输卵管-卵巢炎",3,"N70.100","Other"
"慢性输卵管炎",156,"N70.101","Other"
"慢性髓系白血病，急性发作",1,"C92.101","Cancer"
"慢性外阴炎",2,"N76.301","Other"
"慢性萎缩性胃炎",94,"K29.400","Other"
"慢性胃窦炎",28,"K29.501","Other"
"慢性胃溃疡",2,"K25.700","Other"
"慢性胃炎",104,"K29.500","Other"
"慢性胃炎，未特指",3,"K29.5","Other"
"慢性细支气管炎",1,"J44.805","Other"
"慢性牙周炎",1,"K05.300","Other"
"慢性咽炎",8,"J31.200","Other"
"慢性乙型病毒性肝炎",67,"B18.107","Other"
"慢性乙型病毒性肝炎，伴有δ因子",1,"B18.0","Other"
"慢性乙型病毒性肝炎，不伴有δ因子",8,"B18.1","Other"
"慢性阴道炎",28,"N76.101","Other"
"慢性硬膜下血肿",1,"I62.003","Other"
"慢性支气管炎",28,"J42.x00","Other"
"慢性支气管炎伴肺气肿",1,"J44.801","Other"
"慢性支气管炎急性发作",1,"J44.101","Other"
"慢性中耳炎",1,"H66.903","Other"
"慢性中性粒细胞白血病",2,"C92.105","Cancer"
"慢性子宫颈炎",200,"N72.x03","Other"
"慢性子宫韧带炎",1,"N73.104","Other"
"慢性子宫炎",44,"N71.102","Other"
"慢性子宫炎性疾病",1,"N71.100","Other"
"慢性自身免疫性胰腺炎",1,"K86.103","Other"
"慢性阻塞性肺病",39,"J44.900","Other"
"慢性阻塞性肺病伴急性加重",15,"J44.100","Other"
"慢性阻塞性肺病伴急性下呼吸道感染",1,"J44.000","Other"
"慢性阻塞性肺病伴有急性加重，未特指",6,"J44.1","Other"
"慢性阻塞性肺疾病",5,"J44.901","Other"
"慢性阻塞性肺气肿性支气管炎伴急性加重",5,"J44.101","Other"
"慢性阻塞性支气管炎",3,"J44.806","Other"
"盲肠恶性肿瘤",1,"C18.002","Cancer"
"盲肠良性肿瘤",2,"D12.001","Cancer"
"梅毒",6,"A53.900","Other"
"霉菌性食管炎",1,"B49.x10+K23.801*","Other"
"霉菌性外阴炎",2,"B37.301+N77.102*","Other"
"门静脉高压",10,"K76.600","Other"
"门静脉血栓形成",1,"I81.x02","Other"
"门脉高压性胃肠病",1,"K92.801","Other"
"弥漫性大细胞淋巴瘤",12,"C83.301","Cancer"
"弥漫性非霍奇金淋巴瘤，未特指",2,"C83.9","Cancer"
"弥漫性肺间质纤维化",4,"J84.106","Other"
"弥漫性淋巴细胞为主型淋巴瘤",4,"C81.002","Cancer"
"糜烂性胃炎",5,"K29.603","Other"
"泌尿道出血",5,"N36.804","Other"
"泌尿道感染",73,"N39.000","Other"
"泌尿道感染，部位未特指",6,"N39.0","Other"
"泌尿器官继发恶性肿瘤",4,"C79.100","Cancer"
"泌尿系结核",1,"A18.103","Other"
"泌尿系统疾病",6,"N39.900","Other"
"面部血管瘤",1,"D18.003","Cancer"
"面肌痉挛",1,"G51.301","Other"
"难治性癫痫",1,"G40.902","Other"
"难治性贫血伴环形铁粒幼细胞",4,"D46.101","Cancer"
"脑出血",4,"I61.902","Other"
"脑出血后遗症",6,"I69.100","Other"
"脑动脉供血不足",1,"I67.802","Other"
"脑动脉狭窄",1,"I66.901","Other"
"脑恶性肿瘤",13,"C71.900","Cancer"
"脑干肿瘤",2,"D43.103","Cancer"
"脑梗塞",7,"I63.902","Other"
"脑梗塞后遗症",7,"I69.301","Other"
"脑梗死",60,"I63.900","Other"
"脑梗死，未特指",1,"I63.9","Other"
"脑梗死个人史",3,"Z86.703","Other"
"脑梗死后遗症",50,"I69.300","Other"
"脑积水",1,"G91.900","Other"
"脑脊膜良性肿瘤",3,"D32.900","Cancer"
"脑继发恶性肿瘤",235,"C79.300","Cancer"
"脑良性肿瘤",3,"D33.200","Cancer"
"脑瘤",2,"D43.203","Cancer"
"脑膜继发恶性肿瘤",6,"C79.301","Cancer"
"脑膜瘤",36,"D32.000","Cancer"
"脑缺血灶",1,"R90.803","Other"
"脑疝",11,"G93.501","Other"
"脑室内脑膜瘤",1,"D32.010","Cancer"
"脑萎缩",9,"G31.902","Other"
"脑血管病",1,"I67.900","Other"
"脑血管供血不足",1,"I67.804","Other"
"脑血栓形成",1,"I66.903","Other"
"脑肿瘤",4,"D43.201","Cancer"
"内痔",2,"I84.200","Other"
"内痔，不伴有并发症",2,"I84.2","Other"
"念珠菌性阴道炎",2,"B37.301+N77.1*","Other"
"尿道出血",1,"N36.804","Other"
"尿道恶性肿瘤",3,"C68.001","Cancer"
"尿道狭窄",1,"N35.900","Other"
"尿道炎",1,"N34.202","Other"
"尿毒症",1,"N19.x01","Other"
"尿失禁",4,"R32.x00","Other"
"尿潴留",13,"R33.x00","Other"
"颞叶肿瘤",2,"D43.013","Cancer"
"牛皮癣，未特指",1,"L40.9","Other"
"脓胸",1,"J86.900","Other"
"女性不育症",2,"N97","Other"
"女性不孕症",6,"N97.900","Other"
"女性更年期综合征",1,"N95.101","Other"
"女性膀胱脱垂",1,"N81.102","Other"
"女性盆腔积液",1,"N94.804","Other"
"女性盆腔炎",8,"N73.902","Other"
"女性盆腔炎性疾病",29,"N73.900","Other"
"女性盆腔粘连",2,"N73.602","Other"
"帕金森病",1,"G20.x00","Other"
"膀胱侧壁恶性肿瘤",5,"C67.2","Cancer"
"膀胱恶性肿瘤",66,"C67.900","Cancer"
"膀胱后壁恶性肿瘤",1,"C67.400","Cancer"
"膀胱继发恶性肿瘤",25,"C79.101","Cancer"
"膀胱结石",2,"N21.000","Other"
"膀胱颈恶性肿瘤",10,"C67.500","Cancer"
"膀胱良性肿瘤",3,"D30.300","Cancer"
"膀胱瘘",6,"N32.200","Other"
"膀胱膨出",1,"N81.100","Other"
"膀胱憩室",1,"N32.300","Other"
"膀胱乳头状瘤",1,"D41.404","Cancer"
"膀胱三角区恶性肿瘤",4,"C67.000","Cancer"
"膀胱输尿管口良性肿瘤",3,"D30.302","Cancer"
"膀胱息肉",1,"D41.406","Cancer"
"膀胱炎",1,"N30.901","Other"
"膀胱造口状态",3,"Z93.500","Other"
"膀胱直肠瘘",3,"N32.104","Other"
"膀胱肿瘤",26,"D41.401","Cancer"
"盆腔恶性肿瘤",8,"C76.300","Cancer"
"盆腔腹膜和特指泌尿生殖器官的衣原体感染",2,"A56.100","Other"
"盆腔腹膜子宫内膜异位症",1,"N80.300","Other"
"盆腔积液，女性",3,"N94.806","Other"
"盆腔继发恶性肿瘤",103,"C79.811","Cancer"
"盆腔良性肿瘤",7,"D36.710","Cancer"
"盆腔淋巴管瘤",2,"D18.107","Cancer"
"盆腔淋巴结继发性恶性肿瘤",37,"C77.500","Cancer"
"盆腔内淋巴结继发性和未特指恶性肿瘤",2,"C77.5","Cancer"
"盆腔炎,女性",7,"N73.901","Other"
"盆腔炎性肿物",1,"N73.801","Other"
"盆腔肿瘤",3,"D48.716","Cancer"
"盆腔肿物",1,"R19.002","Other"
"盆腔子宫内膜异位",1,"N80.303","Other"
"盆腔子宫内膜异位症",4,"N80.302","Other"
"皮层下动脉硬化性脑病",5,"I67.203","Other"
"皮肤淀粉样变性",1,"E85.409+L99.001*","Other"
"皮肤恶性黑色素瘤，未特指",2,"C43.9","Cancer"
"皮肤继发恶性肿瘤",15,"C79.200","Cancer"
"皮肤脓肿",2,"L02.902","Other"
"皮肤脓肿、疖和痈",1,"L02.900","Other"
"皮肤血管瘤",1,"D18.007","Cancer"
"皮疹",1,"R21.x00","Other"
"脾大",11,"R16.100","Other"
"脾恶性淋巴瘤",1,"C85.920","Cancer"
"脾功能亢进",8,"D73.100","Other"
"脾继发恶性肿瘤",38,"C78.805","Cancer"
"脾淋巴肉瘤",3,"C85.012","Cancer"
"脾切除史",3,"D73.002","Other"
"脾区综合征",2,"K59.801","Other"
"贫血",57,"D64.900","Other"
"贫血，未特指",11,"D64.9","Other"
"剖宫产术新生儿",1,"P03.401","Other"
"其他慢性病毒性肝炎",2,"B18.8","Other"
"其他特指的风湿性心脏病",4,"I09.8","Other"
"其他特指的肝癌",2,"C22.7","Cancer"
"其他特指的类风湿性关节炎",2,"M06.8","Other"
"其他特指的贫血",6,"D64.8","Other"
"其他胃炎",1,"K29.6","Other"
"脐带绕身",2,"O69.205","Other"
"脐尿管恶性肿瘤",3,"C67.700","Cancer"
"脐疝",3,"K42.900","Other"
"气管恶性肿瘤",2,"C33.x00","Cancer"
"气管套管脱出",1,"T85.606","Other"
"气管狭窄",2,"J39.805","Other"
"气管支气管炎",1,"J40.x01","Other"
"气胸",2,"J93.900","Other"
"髂骨骨折",1,"S32.300","Other"
"髂静脉血栓形成",2,"I80.206","Other"
"髂外静脉血栓形成",4,"I80.204","Other"
"前列腺恶性肿瘤",95,"C61.x01","Cancer"
"前列腺囊肿",1,"N42.802","Other"
"前列腺切除术后状态",3,"Z90.708","Other"
"前列腺炎",1,"N41.901","Other"
"前列腺原位癌",4,"D07.500","Cancer"
"前列腺增生",53,"N40.x01","Other"
"前列腺肿瘤",3,"D40.001","Cancer"
"前庭大腺囊肿",5,"N75.000","Other"
"前纵隔恶性肿瘤",3,"C38.100","Cancer"
"潜伏性梅毒",1,"A53.000","Other"
"腔隙性脑梗塞",2,"I63.903","Other"
"腔隙性脑梗死",47,"I63.801","Other"
"强直性脊柱炎后凸畸形",2,"M40.101","Other"
"鞘膜积液",1,"N43.300","Other"
"青光眼",2,"H40.900","Other"
"青光眼术后无前房",2,"H59.801","Other"
"青年起病成年型糖尿病",5,"E11.901","Other"
"轻度贫血",5,"D64.901","Other"
"丘疹性荨麻疹",1,"L28.203","Other"
"屈光不正",9,"H52.701","Other"
"躯干部血管瘤",1,"D18.005","Cancer"
"躯干恶性黑色素瘤",2,"C43.500","Cancer"
"躯干骨继发恶性肿瘤",3,"C79.506","Cancer"
"躯干继发性恶性肿瘤",2,"C79.814","Cancer"
"躯干皮肤和皮下组织良性脂肪瘤样肿瘤",6,"D17.100","Cancer"
"躯干皮肤继发恶性肿瘤",1,"C79.204","Cancer"
"躯干脂肪瘤",1,"D17.101","Cancer"
"躯干周围神经和自主神经良性肿瘤",1,"D36.103","Cancer"
"取除骨折内固定装置",1,"Z47.001","Other"
"取除输尿管支架",1,"Z43.603","Other"
"全身性骨关节炎",1,"M15.902","Other"
"全身性广泛继发恶性肿瘤",5,"C80.x00","Cancer"
"全身性硬皮病",1,"M34.900","Other"
"全血细胞减少",1,"D61.903","Other"
"缺铁性贫血",27,"D50.900","Other"
"缺血性视神经病变",2,"H47.004","Other"
"缺血性心肌病",5,"I25.501","Other"
"桡骨良性肿瘤",3,"D16.003","Cancer"
"桡骨上端骨折",1,"S52.100","Other"
"桡骨下端骨折",1,"S52.501","Other"
"人工晶体移位",1,"T85.307","Other"
"妊娠合并巨大儿",1,"O36.601","Other"
"妊娠合并霉菌性阴道炎",1,"O98.806","Other"
"妊娠合并轻度贫血",1,"O99.005","Other"
"妊娠合并小样儿",1,"O36.504","Other"
"妊娠期糖尿病",1,"O24.900","Other"
"妊娠期阴道炎",3,"O23.506","Other"
"溶血性贫血",1,"D58.901","Other"
"乳房恶性肿瘤个人史",10,"Z85.300","Other"
"乳房良性肿瘤",2,"D24.x02","Cancer"
"乳房佩吉特氏病伴浸润性导管癌",20,"C50.902","Cancer"
"乳房皮肤良性肿瘤",1,"D23.502","Cancer"
"乳房上外象限恶性肿瘤",2,"C50.400","Cancer"
"乳房下外象限恶性肿瘤",1,"C50.500","Cancer"
"乳房腋尾部恶性肿瘤",1,"C50.600","Cancer"
"乳房脂肪瘤",2,"D17.102","Cancer"
"乳腺恶性肿瘤",134,"C50.900","Cancer"
"乳腺恶性肿瘤，内侧",5,"C50.803","Cancer"
"乳腺恶性肿瘤，上部",3,"C50.801","Cancer"
"乳腺恶性肿瘤，外侧",4,"C50.804","Cancer"
"乳腺良性肿瘤",11,"D24.x00","Cancer"
"乳腺纤维囊性增生",4,"N60.202","Other"
"乳腺炎",1,"N61.x04","Other"
"乳腺原位癌",3,"D05.900","Cancer"
"乳腺增生",1,"N62.x03","Other"
"乳腺肿瘤",2,"D48.601","Cancer"
"褥疮",1,"L89.x01","Other"
"软组织疾患，未特指",1,"M79.9","Other"
"弱视",1,"H53.002","Other"
"腮腺良性肿瘤",4,"D11.001","Cancer"
"腮腺肿瘤",3,"D37.011","Cancer"
"三叉神经痛",2,"G50.000","Other"
"沙门菌胃肠炎",1,"A02.003","Other"
"上颌窦恶性肿瘤",7,"C31.000","Cancer"
"上颌窦囊肿",1,"J34.104","Other"
"上颌窦筛窦炎",1,"J32.801","Other"
"上颌骨恶性肿瘤",2,"C41.011","Cancer"
"上颌软组织恶性肿瘤",1,"C03.001","Cancer"
"上呼吸道感染",3,"J06.903","Other"
"上呼吸道疾病",2,"J39.900","Other"
"上腔静脉综合征",18,"I87.106","Other"
"上腔静脉阻塞综合征",1,"I87.105","Other"
"上消化道出血",36,"K92.208","Other"
"上叶，支气管或肺的恶性肿瘤",3,"C34.100","Cancer"
"上肢恶性肿瘤",2,"C76.401","Cancer"
"上肢静脉血栓形成",9,"I82.806","Other"
"上肢静脉炎",1,"I80.803","Other"
"上肢皮肤恶性肿瘤，包括肩",1,"C44.6","Cancer"
"上肢深静脉血栓形成",1,"I82.805","Other"
"上肢血栓性静脉炎",3,"I80.805","Other"
"舌根肿瘤",1,"D37.009","Cancer"
"神经官能症",2,"F48.901","Other"
"神经炎",1,"M79.208","Other"
"神经源性膀胱",2,"N31.901","Other"
"肾病",1,"N28.901","Other"
"肾病综合征",4,"N04.900","Other"
"肾错构瘤",1,"Q85.903","Other"
"肾恶性肿瘤",48,"C64.x00","Cancer"
"肾恶性肿瘤个人史",1,"Z85.501","Other"
"肾发育不良",1,"Q61.400","Other"
"肾功能不全",1,"N19.x02","Other"
"肾功能衰竭",2,"N19.x03","Other"
"肾功能异常",2,"R94.400","Other"
"肾后天性缺失",1,"Z90.500","Other"
"肾积水伴肾结石",4,"N13.201","Other"
"肾积水伴输尿管结石",1,"N13.202","Other"
"肾继发恶性肿瘤",14,"C79.000","Cancer"
"肾结石",4,"N20.000","Other"
"肾良性肿瘤",2,"D30.000","Cancer"
"肾囊肿(后天性)",9,"N28.101","Other"
"肾上腺恶性肿瘤",3,"C74.900","Cancer"
"肾上腺继发恶性肿瘤",64,"C79.700","Cancer"
"肾上腺继发性恶性肿瘤",1,"C79.7","Cancer"
"肾上腺良性肿瘤",15,"D35.000","Cancer"
"肾上腺皮质腺瘤",1,"D35.002","Cancer"
"肾上腺肿瘤",3,"D44.101","Cancer"
"肾输尿管恶性肿瘤",3,"C68.801","Cancer"
"肾损伤",2,"S37.000","Other"
"肾萎缩",4,"N26.x00","Other"
"肾性高血压",3,"I12.903","Other"
"肾性贫血",3,"D64.904","Other"
"肾炎综合症",1,"N05.900","Other"
"肾盂恶性肿瘤",7,"C65.x00","Cancer"
"肾盂积水",8,"N13.301","Other"
"肾盂积水伴输尿管狭窄",1,"N13.100","Other"
"肾盂继发恶性肿瘤",1,"C79.001","Cancer"
"肾盂肿瘤",1,"D41.101","Cancer"
"肾造瘘管移位",1,"T83.002","Other"
"肾盏恶性肿瘤",1,"C65.x02","Cancer"
"肾占位性病变",2,"R93.403","Other"
"肾肿瘤",18,"D41.001","Cancer"
"升结肠恶性肿瘤",46,"C18.200","Cancer"
"升结肠息肉",1,"K63.501","Other"
"声带麻痹",5,"J38.002","Other"
"声带息肉",2,"J38.102","Other"
"声门恶性肿瘤",5,"C32.000","Cancer"
"失血性贫血",96,"D50.002","Other"
"失血性休克",9,"R57.101","Other"
"十二指肠恶性肿瘤",18,"C17.000","Cancer"
"十二指肠梗阻",3,"K31.501","Other"
"十二指肠溃疡",3,"K26.900","Other"
"十二指肠良性肿瘤",19,"D13.200","Cancer"
"十二指肠憩室",1,"K57.104","Other"
"十二指肠憩室炎",1,"K57.104","Other"
"十二指肠球部溃疡",3,"K26.902","Other"
"十二指肠球部息肉",13,"K31.702","Other"
"十二指肠球炎",4,"K29.801","Other"
"十二指肠乳头炎",2,"K29.802","Other"
"十二指肠息肉",8,"K31.701","Other"
"十二指肠炎",4,"K29.800","Other"
"食道中上段恶性肿瘤",7,"C15.801","Cancer"
"食道中下段恶性肿瘤",2,"C15.802","Cancer"
"食管白斑",90,"K22.803","Other"
"食管贲门连接处恶性肿瘤",15,"C16.001","Cancer"
"食管贲门粘膜撕裂综合征",5,"K22.601","Other"
"食管的其他特指疾病",23,"K22.8","Other"
"食管恶性肿瘤",307,"C15.901","Cancer"
"食管恶性肿瘤，未特指",7,"C15.9","Cancer"
"食管恶性肿瘤个人史",6,"Z85.001","Other"
"食管梗阻",1,"K22.200","Other"
"食管疾病，未特指",10,"K22.9","Other"
"食管疾患",1,"K22.900","Other"
"食管继发恶性肿瘤",10,"C78.801","Cancer"
"食管静脉瘤",1,"I85.901","Other"
"食管静脉曲张",3,"I85.900","Other"
"食管静脉曲张，伴有出血",1,"I85.0","Other"
"食管良性肿瘤",367,"D13.000","Cancer"
"食管裂孔疝",1,"K44.901","Other"
"食管瘘",3,"K22.806","Other"
"食管囊肿",1,"K22.805","Other"
"食管旁淋巴结结核",1,"A18.208","Other"
"食管破裂",1,"K22.301","Other"
"食管气管瘘",1,"J86.003","Other"
"食管上段恶性肿瘤",2,"C15.301","Cancer"
"食管上三分之一恶性肿瘤",17,"C15.300","Cancer"
"食管特指疾病",2,"K22.800","Other"
"食管胃连接处恶性肿瘤",3,"C16.002","Cancer"
"食管胃吻合口瘘",2,"K91.810","Other"
"食管胃吻合口狭窄",7,"K91.809","Other"
"食管胃吻合口炎",3,"K91.811","Other"
"食管狭窄",4,"K22.205","Other"
"食管下段恶性肿瘤",2,"C15.501","Cancer"
"食管下三分之一恶性肿瘤",14,"C15.500","Cancer"
"食管炎",19,"K20.x00","Other"
"食管原位癌",74,"D00.100","Cancer"
"食管支气管瘘",8,"J86.007","Other"
"食管中段恶性肿瘤",4,"C15.401","Cancer"
"食管中三分之一恶性肿瘤",39,"C15.400","Cancer"
"食管肿瘤",7,"D37.702","Cancer"
"食管肿物",1,"K22.901","Other"
"视神经萎缩",2,"H47.200","Other"
"室上性心动过速",1,"I47.1","Other"
"室性早搏",3,"I49.300","Other"
"噬血细胞综合征",4,"D76.101","Other"
"手术后肠梗阻",1,"K91.300","Other"
"手术后肠吻合口瘘",1,"K63.210","Other"
"手术后恶性肿瘤化学治疗",18,"Z51.102","Other"
"手术后结肠造瘘口狭窄",1,"K91.407","Other"
"手术后切口感染",3,"T81.406","Other"
"手术后切口血肿",1,"T81.024","Other"
"手术后幽门梗阻",1,"K91.831","Other"
"手术随诊医疗",1,"Z48.900","Other"
"输卵管恶性肿瘤",10,"C57.000","Cancer"
"输卵管积水",21,"N70.103","Other"
"输卵管良性肿瘤",7,"D28.200","Cancer"
"输卵管卵巢脓肿",9,"N70.905","Other"
"输卵管囊肿",34,"N83.809","Other"
"输卵管旁囊肿",7,"N83.810","Other"
"输卵管炎",222,"N70.904","Other"
"输卵管子宫内膜异位症",8,"N80.200","Other"
"输尿管恶性肿瘤",15,"C66.x00","Cancer"
"输尿管继发恶性肿瘤",6,"C79.102","Cancer"
"输尿管结石",2,"N20.100","Other"
"输尿管口恶性肿瘤",2,"C67.6","Cancer"
"输尿管扩张",2,"N28.826","Other"
"输尿管狭窄",1,"N13.504","Other"
"输尿管造术状态",3,"Z93.602","Other"
"输尿管肿瘤",1,"D41.201","Cancer"
"束支传导阻滞",1,"I45.402","Other"
"双侧感音神经性耳聋",3,"H90.300","Other"
"睡眠呼吸暂停",4,"G47.300","Other"
"睡眠呼吸暂停综合征",2,"G47.301","Other"
"四肢皮肤和皮下组织良性脂肪瘤样肿瘤",1,"D17.200","Cancer"
"四肢皮肤继发恶性肿瘤",2,"C79.205","Cancer"
"锁骨恶性肿瘤",1,"C41.302","Cancer"
"锁骨上淋巴结继发恶性肿瘤",196,"C77.007","Cancer"
"锁骨上淋巴结结核",1,"A18.206","Other"
"锁骨上淋巴结肿大",1,"R59.007","Other"
"锁骨下动脉闭塞",1,"I74.801","Other"
"锁骨下静脉血栓形成",7,"I82.803","Other"
"锁骨下淋巴结继发恶性肿瘤",16,"C77.302","Cancer"
"胎儿宫内窘迫",1,"O36.302","Other"
"糖耐量异常",4,"R73.000","Other"
"糖尿病",40,"E14.900","Other"
"糖尿病前期",1,"R73.002","Other"
"特指白内障",2,"H26.800","Other"
"特指不明确部位的恶性肿瘤",1,"C76.700","Cancer"
"特指部位关节疾患",1,"M25.800","Other"
"特指部位继发性恶性肿瘤",10,"C79.800","Cancer"
"特指部位良性肿瘤",3,"D36.700","Cancer"
"特指肠道感染",1,"A08.500","Other"
"特指肺源性心脏病",1,"I27.800","Other"
"特指肝恶性肿瘤",2,"C22.700","Cancer"
"特指功能性肠疾患",1,"K59.800","Other"
"特指呼吸器官继发性恶性肿瘤",5,"C78.300","Cancer"
"特指化学治疗",6,"Z51.200","Other"
"特指急性胃炎",1,"K29.100","Other"
"特指口咽良性肿瘤",1,"D10.500","Cancer"
"特指类型非霍奇金淋巴瘤",2,"C85.700","Cancer"
"特指类型弥漫性非霍奇金淋巴瘤",4,"C83.800","Cancer"
"特指卵巢囊肿",1,"N83.200","Other"
"特指慢性阻塞性肺病",1,"J44.800","Other"
"特指脑梗死",1,"I63.800","Other"
"特指内分泌腺良性肿瘤",2,"D35.700","Cancer"
"特指女性盆腔炎性疾病",1,"N73.800","Other"
"特指女性生殖器官恶性肿瘤",1,"C57.700","Cancer"
"特指贫血",2,"D64.800","Other"
"特指缺铁性贫血",2,"D50.800","Other"
"特指肾盂积水",23,"N13.300","Other"
"特指手术后状态",6,"Z98.800","Other"
"特指手术随诊医疗",1,"Z48.800","Other"
"特指双子宫",1,"Q51.200","Other"
"特指糖尿病",1,"E13.900","Other"
"特指细菌性感染",2,"A49.800","Other"
"特指消化器官继发性恶性肿瘤",6,"C78.800","Cancer"
"特指小肠良性肿瘤",1,"D13.300","Cancer"
"特指休克",1,"R57.800","Other"
"特指荨麻疹",1,"L50.800","Other"
"特指原因女性不孕症",1,"N97.800","Other"
"疼痛",2,"R52.900","Other"
"头、面和颈淋巴结继发性和未特指恶性肿瘤",8,"C77.0","Cancer"
"头部良性肿瘤",2,"D36.701","Cancer"
"头部淋巴结继发恶性肿瘤",4,"C77.000","Cancer"
"头部血管瘤",1,"D18.001","Cancer"
"头皮挫伤",1,"S00.001","Other"
"头皮良性肿瘤",2,"D23.400","Cancer"
"头痛",1,"R51.x00","Other"
"突发性耳聋",1,"H91.200","Other"
"退行性脊柱炎",1,"M46.802","Other"
"臀部良性肿瘤",3,"D36.711","Cancer"
"外耳道坏死",1,"H61.805","Other"
"外耳道良性肿瘤",4,"D23.201","Cancer"
"外耳道皮肤恶性肿瘤",2,"C44.201","Cancer"
"外耳道皮肤良性肿瘤",1,"D23.206","Cancer"
"外套细胞性淋巴瘤",7,"C83.802","Cancer"
"外阴白斑",2,"N90.400","Other"
"外阴陈旧性裂伤",2,"N90.803","Other"
"外阴恶性肿瘤",3,"C51.900","Cancer"
"外痔",2,"I84.500","Other"
"外痔，不伴有并发症",1,"I84.5","Other"
"外周T细胞淋巴瘤",1,"C84.400","Cancer"
"完全性房室传导阻滞",1,"I44.201","Other"
"完全性右束支传导阻滞",3,"I45.102","Other"
"完全性右束枝传导阻滞",2,"I45.102","Other"
"顽固性贫血",2,"D46.400","Cancer"
"为肿瘤化学治疗疗程",2,"Z51.100","Other"
"维生素B12缺乏症",1,"E53.801","Other"
"萎缩性胃炎",1,"K29.402","Other"
"未分化细胞白血病",1,"C95.003","Cancer"
"胃-食管反流病",1,"K21.900","Other"
"胃肠道毛细血管扩张症",1,"I78.103","Other"
"胃底恶性肿瘤",7,"C16.100","Cancer"
"胃窦恶性肿瘤",90,"C16.301","Cancer"
"胃窦炎",28,"K29.702","Other"
"胃恶性淋巴瘤",2,"C85.912","Cancer"
"胃恶性肿瘤",271,"C16.902","Cancer"
"胃恶性肿瘤，未特指",8,"C16.9","Cancer"
"胃恶性肿瘤个人史",9,"Z85.002","Other"
"胃黄色斑",4,"K31.815","Other"
"胃继发恶性肿瘤",5,"C78.802","Cancer"
"胃间质细胞瘤",26,"C16.901","Cancer"
"胃结石",1,"K31.808","Other"
"胃溃疡",18,"K25.900","Other"
"胃溃疡癌变",16,"C16.902","Cancer"
"胃良性肿瘤",236,"D13.100","Cancer"
"胃淋巴结继发恶性肿瘤",1,"C77.201","Cancer"
"胃排空障碍",1,"K31.901","Other"
"胃十二指肠炎",3,"K29.900","Other"
"胃体恶性肿瘤",39,"C16.200","Cancer"
"胃息肉",85,"K31.700","Other"
"胃小弯恶性肿瘤",12,"C16.500","Cancer"
"胃炎",8,"K29.700","Other"
"胃炎，未特指",1,"K29.7","Other"
"胃原位癌",59,"D00.200","Cancer"
"稳定型心绞痛",1,"I20.801","Other"
"稳定性心绞痛",1,"I20.805","Other"
"无症状性菌尿",1,"N39.001","Other"
"吸入性肺炎",3,"J69.001","Other"
"膝关节副韧带扭伤",1,"S83.400","Other"
"细菌性肠道感染",6,"A04.900","Other"
"细菌性结肠炎",1,"A04.901","Other"
"细菌性阴道炎",1,"N76.003","Other"
"下颌骨良性肿瘤",2,"D16.500","Cancer"
"下腔静脉血栓形成",7,"I82.203","Other"
"下消化道出血",1,"K92.209","Other"
"下咽壁恶性肿瘤",3,"C13.901","Cancer"
"下叶，支气管或肺的恶性肿瘤",1,"C34.300","Cancer"
"下肢动脉血栓形成",2,"I74.302","Other"
"下肢短骨良性肿瘤",2,"D16.300","Cancer"
"下肢骨继发恶性肿瘤",1,"C79.508","Cancer"
"下肢结缔组织和软组织恶性肿瘤",2,"C49.200","Cancer"
"下肢静脉曲张",7,"I83.900","Other"
"下肢静脉血栓形成",7,"I80.301","Other"
"下肢静脉炎",3,"I80.301","Other"
"下肢静脉炎和血栓性静脉炎",1,"I80.300","Other"
"下肢静脉阻塞",2,"I87.119","Other"
"下肢溃疡",1,"L97.x00","Other"
"下肢良性肿瘤",1,"D36.717","Cancer"
"下肢皮肤脓肿、疖和痈",2,"L02.402","Other"
"下肢浅表脉管静脉炎和血栓静脉炎",1,"I80.000","Other"
"下肢深静脉血栓性静脉炎",11,"I80.201","Other"
"下肢水肿",1,"R60.001","Other"
"下肢血栓性静脉炎",7,"I80.302","Other"
"先天性单侧肾缺如",1,"Q60.000","Other"
"先天性单发性肾囊肿",2,"Q61.000","Other"
"先天性脊髓栓系综合征",1,"Q06.801","Other"
"先天性卵巢冠囊肿",3,"Q50.503","Other"
"先天性输卵管缺失",2,"Q50.601","Other"
"先天性胃血管畸形",1,"Q27.803","Other"
"先天性小肠血管畸形",1,"Q27.809","Other"
"先天性心脏病",1,"Q24.900","Other"
"先天性肘内翻",1,"Q74.006","Other"
"纤维蛋白原缺乏",1,"D68.206","Other"
"腺性膀胱炎",1,"N30.809","Other"
"消化道出血",13,"K92.210","Other"
"消化道恶性肿瘤",14,"C26.900","Cancer"
"消化器官恶性肿瘤个人史",1,"Z85.000","Other"
"消化器官特指部位原位癌",8,"D01.700","Cancer"
"消化系统肿瘤",4,"D37.902","Cancer"
"消化性溃疡",2,"K27.901","Other"
"小肠恶性肿瘤",1,"C17.900","Cancer"
"小肠良性肿瘤",13,"D13.301","Cancer"
"小脑扁桃体恶性肿瘤",2,"C71.602","Cancer"
"小脑继发性恶性肿瘤",11,"C79.304","Cancer"
"小脑肿瘤",2,"D43.105","Cancer"
"小腿纤维瘤病",1,"M72.916","Other"
"心包恶性肿瘤",4,"C38.001","Cancer"
"心包积液",53,"I31.300","Other"
"心包积液，未特指",5,"I31.9","Other"
"心动过缓",15,"R00.100","Other"
"心动过速",4,"R00.000","Other"
"心房颤动",9,"I48.x01","Other"
"心房纤颤和扑动",4,"I48.x00","Other"
"心房纤维性颤动(心房纤颤)",3,"I48.x04","Other"
"心房血栓",2,"I51.302","Other"
"心功能Ⅳ级",2,"I50.905","Other"
"心功能不全",11,"I50.901","Other"
"心肌损害",1,"I51.503","Other"
"心绞痛",6,"I20.900","Other"
"心力衰竭",1,"I50.900","Other"
"心律失常",102,"I49.900","Other"
"心原性猝死",1,"I46.101","Other"
"心脏继发恶性肿瘤",4,"C79.808","Cancer"
"心脏扩大",2,"I51.709","Other"
"心脏肿瘤",2,"D48.712","Cancer"
"心脏骤停",2,"I46.900","Other"
"新生儿高胆红素血症",1,"P59.901","Other"
"新生儿皮肤湿疹",1,"L20.806","Other"
"胸壁黑素细胞痣",1,"D22.501","Cancer"
"胸壁继发性恶性肿瘤",2,"C79.823","Cancer"
"胸壁淋巴结继发恶性肿瘤",10,"C77.303","Cancer"
"胸壁肿物",1,"R22.202","Other"
"胸部恶性肿瘤",4,"C76.100","Cancer"
"胸部结缔组织和软组织恶性肿瘤",11,"C49.300","Cancer"
"胸部结缔组织良性肿瘤",2,"D21.300","Cancer"
"胸部食管恶性肿瘤",12,"C15.100","Cancer"
"胸腹主动脉瘤",2,"I71.600","Other"
"胸骨恶性肿瘤",4,"C41.301","Cancer"
"胸廓先天性畸形",1,"Q76.900","Other"
"胸膜壁层恶性肿瘤",3,"C38.401","Cancer"
"胸膜恶性肿瘤",6,"C38.400","Cancer"
"胸膜肥厚",2,"J92.901","Other"
"胸膜继发恶性肿瘤",124,"C78.200","Cancer"
"胸膜继发性恶性肿瘤",20,"C78.2","Cancer"
"胸膜结核",1,"A16.506","Other"
"胸膜炎",1,"R09.1","Other"
"胸内淋巴结继发恶性肿瘤",8,"C77.100","Cancer"
"胸腔积液",227,"J94.804","Other"
"胸腔继发恶性肿瘤",3,"C79.807","Cancer"
"胸腔继发性恶性肿瘤",5,"C79.824","Cancer"
"胸腺恶性肿瘤",10,"C37.x00","Cancer"
"胸腺肿瘤",1,"D38.401","Cancer"
"胸椎恶性肿瘤",24,"C41.202","Cancer"
"胸椎骨折",1,"S22.000","Other"
"胸椎继发性恶性肿瘤",5,"c79.554","Other"
"选择性剖宫分娩",4,"O82.000","Other"
"眩晕综合征",2,"H81.901","Other"
"血管瘤",8,"D18.000","Cancer"
"血管瘤，任何部位",2,"D18.0","Cancer"
"血尿",5,"R31.x00","Other"
"血小板减少，未特指",1,"D69.6","Other"
"血小板减少症",12,"D69.600","Other"
"血胸",1,"J94.200","Other"
"循环衰竭",1,"R57.901","Other"
"压力性尿失禁",2,"N39.300","Other"
"牙龈白斑",1,"K13.208","Other"
"亚急性和慢性阴道炎",4,"N76.100","Other"
"亚临床甲状腺功能减退症",1,"E02.x00","Other"
"咽喉恶性肿瘤",5,"C14.001","Cancer"
"咽门扁桃体良性肿瘤",1,"D10.401","Cancer"
"眼底出血",1,"H35.602","Other"
"眼睑(包括眦)黑素细胞痣",1,"D22.100","Cancer"
"眼睑恶性黑色素瘤",2,"C43.100","Cancer"
"眼睑恶性肿瘤",1,"C44.102","Cancer"
"眼睑裂伤",1,"S01.101","Other"
"眼睑皮肤恶性肿瘤",6,"C44.100","Cancer"
"眼睑皮肤良性肿瘤",4,"D23.100","Cancer"
"眼睑原位癌",4,"D04.100","Cancer"
"眼睑原位黑(色素)瘤，包括眦",2,"D03.1","Cancer"
"眼眶肿瘤",5,"D48.722","Cancer"
"眼球摘除术后状态",1,"Z90.001","Other"
"羊膜炎",1,"O41.104","Other"
"腰骶椎管骨性狭窄",1,"M99.304","Other"
"腰骶椎间盘突出伴脊髓病",1,"M51.004+G99.3*","Other"
"腰肌劳损",2,"M54.505","Other"
"腰椎恶性肿瘤",16,"C41.203","Cancer"
"腰椎间盘突出",17,"M51.202","Other"
"腰椎间盘脱出",2,"M51.202","Other"
"腰椎退行性病变",9,"M48.903","Other"
"腰椎椎管狭窄",2,"M48.005","Other"
"药物间质性肺炎",2,"J70.400","Other"
"药物相关性肠炎",1,"K52.802","Other"
"药物性肝损害",16,"K71.901","Other"
"药物性肝炎",7,"K71.601","Other"
"药物性肝炎伴肝功能衰竭",1,"K71.101","Other"
"药物性骨髓抑制",7,"D61.102","Other"
"药物性甲状腺功能减退症",1,"E03.201","Other"
"药物性粒细胞减少",2,"D70.x02","Other"
"药物性皮炎",3,"L27.005","Other"
"药物性皮炎(药物疹)",2,"L27.003","Other"
"药物性血小板减少症",1,"D69.502","Other"
"液气胸",13,"J94.801","Other"
"腋和上肢淋巴结继发性和未特指恶性肿瘤",4,"C77.3","Cancer"
"腋窝淋巴结继发恶性肿瘤",3,"C77.301","Cancer"
"腋下继发性恶性肿瘤",2,"C79.826","Cancer"
"腋下结缔组织动态未定肿瘤",1,"D48.111","Cancer"
"腋下淋巴结继发恶性肿瘤",77,"C77.301","Cancer"
"腋下淋巴结肿大",2,"R59.008","Other"
"衣原体性阴道炎",1,"A56.003","Other"
"胰淋巴结继发恶性肿瘤",1,"C77.204","Cancer"
"胰头恶性肿瘤",27,"C25.000","Cancer"
"胰腺恶性肿瘤",65,"C25.900","Cancer"
"胰腺恶性肿瘤个人史",1,"Z85.009","Other"
"胰腺继发恶性肿瘤",59,"C78.806","Cancer"
"胰腺原位癌",13,"D01.701","Cancer"
"胰腺肿瘤",7,"D37.706","Cancer"
"乙肝表面抗原携带者",6,"Z22.502","Other"
"乙型病毒性肝炎",10,"B16.904","Other"
"乙型肝炎病毒携带者的急性δ因子(重复)感染",2,"B17.0","Other"
"乙型肝炎病毒携带者急性δ因子重复感染",17,"B17.000","Other"
"乙型肝炎后肝硬化失代偿期",17,"K74.602","Other"
"乙型肝炎小三阳",1,"Z22.504","Other"
"乙状结肠恶性肿瘤",40,"C18.700","Cancer"
"乙状结肠息肉",4,"K63.503","Other"
"异常阴道出血",2,"N93.900","Other"
"阴道恶性肿瘤",6,"C52.x00","Cancer"
"阴道和外阴的其他特指炎症",1,"N76.8","Other"
"阴道和外阴特指炎症",1,"N76.800","Other"
"阴道后壁脱垂",3,"N81.601","Other"
"阴道囊肿",1,"N89.806","Other"
"阴道脓肿",3,"N76.001","Other"
"阴道前壁脱垂",4,"N81.101","Other"
"阴道前壁脱垂(膀胱膨出)",1,"N81.101","Other"
"阴道前后壁脱垂",3,"N81.802","Other"
"阴道脱垂",1,"N81.102","Other"
"阴道炎",27,"N76.001","Other"
"阴道原位癌",3,"D07.200","Cancer"
"阴道纵隔",1,"Q52.103","Other"
"阴茎恶性肿瘤",10,"C60.900","Cancer"
"阴茎头恶性肿瘤",2,"C60.101","Cancer"
"阴茎肿瘤",2,"D40.702","Cancer"
"阴囊良性肿瘤",1,"D29.400","Other"
"阴囊淋巴水肿",2,"I89.008","Other"
"银屑病",8,"L40.900","Other"
"隐性梅毒",1,"A53.001","Other"
"营养不良",5,"E46.x00","Other"
"营养性巨幼细胞性贫血",3,"D52.001","Other"
"营养性贫血",1,"D53.900","Other"
"应激性溃疡",1,"K27.902","Other"
"硬化萎缩性苔藓",1,"L90.000","Other"
"硬脑膜下积液",2,"G91.802","Other"
"幽门不全梗阻",6,"K31.102","Other"
"幽门梗阻",1,"K31.102","Other"
"幽门梗阻(成人)",2,"K31.103","Other"
"幽门管溃疡",1,"K25.903","Other"
"幽门溃疡伴出血",1,"K25.401","Other"
"幽门螺旋杆菌感染",3,"A49.809","Other"
"疣状胃(胃窦)炎",5,"K29.707","Other"
"疣状胃炎",13,"K29.607","Other"
"原发性胆汁性肝硬变",1,"K74.300","Other"
"原发性高血压",1,"I10.x11","Other"
"原发性宫缩乏力",1,"O62.000","Other"
"原发性甲状旁腺功能亢进症",1,"E21.000","Other"
"原发性甲状腺功能减退症",1,"E03.802","Other"
"原发性甲状腺机能亢进症",1,"E05.805","Other"
"原位黑色素瘤",1,"D03.900","Cancer"
"早期人工流产",1,"O04.900","Other"
"张力性尿失禁",2,"N39.301","Other"
"真菌感染",2,"B49.x00","Other"
"真菌性食管炎",5,"B49.x12","Other"
"真菌性外耳道炎",1,"B36.903+H62.2*","Other"
"真菌性阴道炎",1,"B37.303+N77.1*","Other"
"真性红细胞增多症",11,"D45.x00","Cancer"
"阵发性房性心动过速",1,"I47.102","Other"
"阵发性心动过速",1,"I47.900","Other"
"阵发性心房纤颤",5,"I48.x02","Other"
"正常妊娠监督",2,"Z34.900","Other"
"正中神经良性肿瘤",1,"D36.116","Cancer"
"支气管恶性肿瘤",51,"C34.901","Cancer"
"支气管肺炎",2,"J18.000","Other"
"支气管和肺恶性肿瘤，未特指",20,"C34.9","Cancer"
"支气管和肺交搭跨越恶性肿瘤",3,"C34.800","Cancer"
"支气管继发恶性肿瘤",9,"C78.001","Cancer"
"支气管扩张",7,"J47.x00","Other"
"支气管扩张合并感染",2,"J47.x03","Other"
"支气管瘘",1,"J86.016","Other"
"支气管哮喘",1,"J45.903","Other"
"支气管哮喘，非危重",7,"J45.903","Other"
"支气管炎",17,"J40.x00","Other"
"支气管肿瘤",3,"D38.105","Cancer"
"肢体闭塞性动脉硬化",1,"I70.204","Other"
"肢体血管瘤",3,"D18.006","Cancer"
"肢体脂肪瘤",1,"D17.201","Cancer"
"脂肪肝",96,"K76.000","Other"
"脂肪瘤",8,"D17.900","Cancer"
"直肠恶性淋巴瘤",1,"C85.921","Cancer"
"直肠恶性肿瘤",188,"C20.x01","Cancer"
"直肠恶性肿瘤个人史",2,"Z85.007","Other"
"直肠壶腹部恶性肿瘤",4,"C20.x01","Cancer"
"直肠继发恶性肿瘤",18,"C78.501","Cancer"
"直肠良性肿瘤",4,"D12.800","Cancer"
"直肠吻合口炎",1,"K62.807","Other"
"直肠息肉",22,"K62.100","Other"
"直肠炎",7,"K62.811","Other"
"直肠原位癌",7,"D01.200","Cancer"
"直肠肿瘤",6,"D37.501","Cancer"
"痔",2,"I84.900","Other"
"中度贫血",9,"D64.902","Other"
"中枢神经系统恶性肿瘤",1,"C72.900","Cancer"
"肿瘤化学治疗疗程",1,"Z51.1","Other"
"肿瘤性病理性骨折",4,"D48.903+M90.7*","Cancer"
"重度贫血",15,"D64.903","Other"
"周围性面神经麻痹",1,"G51.003","Other"
"肘管综合征",1,"G56.202","Other"
"蛛网膜囊肿",2,"G93.001","Other"
"主动脉夹层",2,"I71.000","Other"
"主动脉瘤",1,"I71.900","Other"
"主动脉体良性肿瘤",1,"D35.600","Cancer"
"主支气管恶性肿瘤",3,"C34.000","Cancer"
"主支气管继发恶性肿瘤",3,"C78.002","Cancer"
"椎动脉型颈椎病",3,"M47.001+G99.2*","Other"
"椎动脉粥样硬化",2,"I67.203","Other"
"椎基底动脉供血不足",4,"G45.001","Other"
"椎基底动脉综合征",2,"G45.000","Other"
"椎体继发恶性肿瘤",6,"C79.508","Cancer"
"椎体塌陷",1,"M48.500","Other"
"坠积性肺炎",7,"J18.200","Other"
"子宫瘢痕妊娠",1,"O00.807","Other"
"子宫壁内平滑肌瘤",14,"D25.100","Cancer"
"子宫多发性平滑肌瘤",32,"D25.901","Cancer"
"子宫恶性肿瘤",14,"C55.x00","Cancer"
"子宫附件恶性肿瘤",2,"C57.400","Cancer"
"子宫浆膜下层平滑肌瘤",31,"D25.200","Cancer"
"子宫颈恶性肿瘤",78,"C53.902","Cancer"
"子宫颈良性肿瘤",15,"D26.001","Cancer"
"子宫颈鳞状上皮不典型增生",5,"N88.801","Other"
"子宫颈息肉",4,"N84.101","Other"
"子宫颈腺囊肿(子宫颈Naboth氏囊肿)",1,"N88.802","Other"
"子宫颈炎",1,"N72.x02","Other"
"子宫颈原位癌",3,"D06.902","Cancer"
"子宫颈肿瘤",1,"D39.005","Other"
"子宫阔韧带良性肿瘤",31,"D28.202","Cancer"
"子宫良性肿瘤",125,"D26.900","Cancer"
"子宫良性肿瘤，未特指",18,"D26.9","Cancer"
"子宫内节育器移位",2,"T83.305","Other"
"子宫内膜恶性肿瘤",169,"C54.100","Cancer"
"子宫内膜息肉",70,"N84.001","Other"
"子宫内膜炎",3,"N71.902","Other"
"子宫内膜异位",3,"N80.901","Other"
"子宫内膜异位症",2,"N80.900","Other"
"子宫内膜原位癌",2,"D07.000","Cancer"
"子宫平滑肌瘤",2210,"D25.900","Cancer"
"子宫平滑肌瘤，未特指",17,"D25.9","Cancer"
"子宫其他良性肿瘤",3,"D26","Cancer"
"子宫切除术后状态",8,"Z90.701","Other"
"子宫体恶性肿瘤",2,"C54.900","Cancer"
"子宫息肉",1,"N84.002","Other"
"子宫腺肌瘤",5,"N80.003","Other"
"子宫腺肌症",58,"N80.001","Other"
"子宫圆韧带良性肿瘤",3,"D28.203","Cancer"
"子宫粘膜下肌瘤",6,"D25.001","Cancer"
"子宫粘膜下平滑肌瘤",81,"D25.000","Cancer"
"子宫子宫内膜异位症",7,"N80.000","Other"
"自发性腹膜炎",2,"K65.902","Other"
"纵隔恶性肿瘤",12,"C38.300","Cancer"
"纵隔恶性肿瘤，部位未特指",1,"C38.3","Cancer"
"纵隔继发恶性肿瘤",53,"C78.100","Cancer"
"纵隔继发性恶性肿瘤",25,"C78.1","Cancer"
"纵隔淋巴管瘤",1,"D18.115","Cancer"
"纵隔淋巴结继发恶性肿瘤",454,"C77.103","Cancer"
"纵隔淋巴结肿大",12,"R59.010","Other"
"纵隔肿瘤",1,"D38.301","Cancer"
"纵膈恶性淋巴瘤",5,"C85.911","Cancer"
"纵膈淋巴结肿大",1,"R59.002","Other"
"阻塞性肺气肿",4,"J43.904","Other"
"阻塞性肺炎",11,"J18.805","Other"
"阻塞性睡眠呼吸暂停综合征",1,"G47.302","Other"
"组织细胞白血病",5,"C93.901","Cancer"
"左前分支传导阻滞",2,"I44.400","Other"
"左前束传导阻滞",1,"I44.4","Other"
